{"cameraMode":{"drawMode":0,"name":"Shaded","section":"Shading Mode"},"sceneLighting":true,"audioPlay":false,"sceneViewState":{"m_AlwaysRefresh":false,"showFog":true,"showSkybox":true,"showFlares":true,"showImageEffects":true,"showParticleSystems":true,"showVisualEffectGraphs":true,"m_FxEnabled":true},"in2DMode":false,"pivot":{"x":-55.449886322021487,"y":20.483383178710939,"z":19.929908752441408},"rotation":{"x":0.022557761520147325,"y":-0.5190925598144531,"z":0.01370638981461525,"w":0.8543106317520142},"size":29.3122501373291,"orthographic":true}